global_step,stage,stage_step,beta,learning_rate,loss_total,loss_momentum,loss_continuity,loss_x_raw,loss_y_raw,loss_continuity_raw,residual_x_l2,residual_y_l2,residual_continuity_l2,divergence_l2,inlet_flux,outlet_flux,mass_imbalance,continuity_constant_test,absolute_mass_defect,max_speed,mean_speed,pressure_min,pressure_max,gradient_norm,seconds_per_step,elapsed_seconds,rss_mb
5,0,5,0.0,0.001,4.939134737507381,4.761702443480413,0.17743229402696786,0.017755004908719608,0.0007871232315034032,0.017811554191403553,0.01162184483816249,0.003498650201707234,0.0005553662482251977,0.16252103895071812,-0.0032000000000000015,0.0002834363753457713,0.8372662249435976,-0.002916563624654245,0.0029165636246542303,0.1,0.009529852246068378,-0.011616340682584164,0.0008908945683522484,404.8295034207091,1.079161017399997,5.395814203999976,672.1484375
10,0,10,0.0,0.001,3.768951746436468,3.585535559476269,0.18341618696019898,0.013312112203543981,0.0006500075601893527,0.01841224773391957,0.00987347205385745,0.003080557240122066,0.0006037962093364364,0.16352887876655003,-0.0032000000000000015,-0.00034836080728750776,0.9999999997181798,-0.0035483608072874994,0.0035483608072875094,0.1,0.007432703284315622,-0.011162903240766965,0.0005363224922035008,339.54651337757156,0.6790294991999986,6.790914315000009,672.1484375
15,0,15,0.0,0.001,3.847132658177419,3.701628321004374,0.1455043371730447,0.01394461780143367,0.0004695686098815093,0.014606463839373203,0.010306510965591738,0.002780087931911136,0.0005250810693622523,0.1512301341458863,-0.0032000000000000015,0.00027852298894972096,0.8398613490527791,-0.002921477011050284,0.0029214770110502805,0.1,0.008639476343015848,-0.012177924726348746,6.824584406544473e-06,348.6866199948658,0.566074576866663,8.49112642,672.28515625
20,0,20,0.0,0.001,1.5885127745549437,1.4242478410143555,0.16426493354058816,0.005342678334577446,0.0002033603532624534,0.01648974771785792,0.006815088413179221,0.0018581439747241406,0.0005648996331392988,0.1566406102789439,-0.0032000000000000015,-0.00019701773750155772,0.9999999997056241,-0.0033970177375015633,0.0033970177375015594,0.1,0.005661020070991396,-0.01175181261556967,0.0001930450726742361,204.59243214706086,0.5050241314999994,10.100489834999962,672.41015625
25,0,25,0.0,0.001,0.9262700803838333,0.7867503210531894,0.13951975933064392,0.002718272224485786,0.0003453432450829473,0.014005701542198636,0.00547037872141573,0.0022266970209848165,0.0005177147296517414,0.14844695243901024,-0.0032000000000000015,0.00010089487139308676,0.9388681701214314,-0.0030991051286069276,0.0030991051286069146,0.1,0.004928451619515055,-0.012002365028559989,0.00010378366044378723,146.8392227031712,0.4718768859200009,11.796927994000043,672.41015625
30,0,30,0.0,0.001,0.7985680313827174,0.6390952085802506,0.15947282280246675,0.0023007518549110965,0.0001878927825803734,0.01600869132070463,0.005103277255236227,0.0017531493236490887,0.0005528001953702505,0.15530109087217953,-0.0032000000000000015,-0.00013871967793385265,0.999999999700484,-0.0033387196779338653,0.003338719677933854,0.1,0.004275348015813606,-0.01157741289341601,0.00027827880315307656,129.78251614507474,0.44626310450000045,13.387901917000022,672.41015625
35,0,35,0.0,0.001,0.37220839566984676,0.2316693997773192,0.14053899589252752,0.0007935545383578915,0.00010856896638169539,0.014108017681182278,0.004014731712513598,0.0014122627271627797,0.0005186295843570697,0.14877599356489082,-0.0032000000000000015,1.7085279626309192e-05,0.9893784101843996,-0.003182914720373701,0.0031829147203736924,0.1,0.003379984482195779,-0.011800486281401807,0.0002030121511372688,55.34507029806773,0.42716569731428533,14.950805296999988,672.41015625
40,0,40,0.0,0.001,0.5083735118878412,0.368441347164874,0.13993216472296716,0.0013563747030086485,7.834045451683595e-05,0.01404710088854917,0.004459426169961509,0.001340599545767541,0.0005142923806615785,0.14864488062083717,-0.0032000000000000015,4.7826551846348836e-05,0.9705485797543995,-0.0031521734481536664,0.0031521734481536525,0.1,0.004255501096441802,-0.011989467443412267,7.139410372280143e-05,87.30601107105696,0.408904606050001,16.356189988999972,672.41015625
45,0,45,0.0,0.001,0.6991919034579931,0.5470919544228747,0.1520999490351184,0.0020032541791957037,0.00012712865001346003,0.01526856483260578,0.0049159285128877435,0.0015414871897379342,0.0005409345406487881,0.15291757301087883,-0.0032000000000000015,-0.0001241445505464057,0.9999999996991707,-0.0033241445505464125,0.0033241445505464073,0.1,0.0041308910185719,-0.012017031785874916,0.0002266987224966907,116.10102663932443,0.3970208263111115,17.865943693999952,672.41015625
50,0,50,0.0,0.001,0.5648292215856833,0.42815320349407526,0.13667601809160798,0.0015746981703881923,9.253569335392327e-05,0.013720232363866764,0.0046166153123324396,0.001410144968267127,0.0005117436755255368,0.14758398418079427,-0.0032000000000000015,6.927380595429873e-05,0.9576212880628464,-0.003130726194045714,0.0031307261940457026,0.1,0.00433697501389351,-0.012299899933759136,0.0001964324824326999,96.74671107906038,0.3854552828999999,19.272771917,672.41015625
55,0,55,0.0,0.001,0.3682482422547958,0.21964757427168718,0.14860066798310864,0.0008102364568766776,4.507391082826892e-05,0.014917289240805393,0.003972421974271712,0.0011345051369329809,0.0005332824705613395,0.1518337833667443,-0.0032000000000000015,-6.588549334408935e-05,0.9999999996938044,-0.0032658854933440926,0.003265885493344091,0.1,0.003066655356050552,-0.012114207230499517,0.00036052729269883037,54.31873511999789,0.5222427521090904,28.72335839599998,683.140625
60,0,60,0.0,0.001,0.4539868821844885,0.3091587088774551,0.1448281733070334,0.0011237629262675639,8.010490539848118e-05,0.014538587078788127,0.0042426401619004,0.0013160976843781791,0.0005301879807972483,0.15050130821618316,-0.0032000000000000015,-8.850715871315865e-05,0.9999999996959107,-0.0032885071587131606,0.00328850715871316,0.1,0.003553677764732269,-0.012083693777048838,0.00044829768127954196,75.91077248718199,0.5167092337833329,31.002564034999978,688.015625
65,0,65,0.0,0.001,0.6245153449751053,0.48501313942417584,0.13950220555092946,0.0017651613096662134,0.0001234858470262667,0.014003939404700709,0.004762403731755069,0.0015385642512563721,0.0005131663940348823,0.1487041567000906,-0.0032000000000000015,6.684658210134635e-05,0.9590757748177533,-0.003133153417898665,0.003133153417898655,0.1,0.004601794328484881,-0.012271855334537765,0.00043558725724296735,106.66148736654031,0.5083990826615385,33.04595017400004,688.015625
70,0,70,0.0,0.001,0.518909289464799,0.37153018477824323,0.1473791046865557,0.0013469081773914966,9.983495195945345e-05,0.014794662517332635,0.0044258345921451055,0.0014104686838670418,0.0005334840742752198,0.15138660799559922,-0.0032000000000000015,-0.0001002236421516096,0.9999999996969903,-0.0033002236421516137,0.003300223642151611,0.1,0.0037639083568280288,-0.012096216076695514,0.0006238051417228349,88.32646100713673,0.490536769971428,34.337583064,688.015625
75,0,75,0.0,0.001,0.34573073046438185,0.20601633603121097,0.13971439443317085,0.0007395776975074438,6.265246009095167e-05,0.014025240001616182,0.003945608000716749,0.0012303996349627634,0.0005169914763185019,0.14874583591973586,-0.0032000000000000015,2.0781517110511593e-05,0.9870953571400874,-0.0031792184828895007,0.00317921848288949,0.1,0.0035125417930986984,-0.012196036586813617,0.000655230123575415,49.103107377283926,0.47714945162666633,35.78621716299995,691.265625
80,0,80,0.0,0.001,0.47218692303755205,0.33243077279423255,0.13975615024331947,0.0012222549485074207,7.223458754991081e-05,0.014029431661760952,0.004332026158848079,0.0013056699498173836,0.0005155910868182127,0.14880595353227133,-0.0032000000000000015,5.076047225703531e-05,0.9687700935368043,-0.0031492395277429768,0.003149239527742966,0.1,0.004033838932896521,-0.012210962428152831,0.0007859547448539685,79.96156272407251,0.46378710645000043,37.10297424800001,691.265625
85,0,85,0.0,0.001,0.48121467870627743,0.33385936065892835,0.14735531804734908,0.0012256637212043073,7.438875364669557e-05,0.014792274693765432,0.004316884948064876,0.001297096540259394,0.000534006980669564,0.15144077204550319,-0.0032000000000000015,-9.690240708686904e-05,0.999999999696685,-0.0032969024070868777,0.0032969024070868703,0.1,0.0036304119966386614,-0.012037702604838685,0.0009780228687800703,80.90878209580822,0.4546646108470588,38.646499111000026,692.890625
90,0,90,0.0,0.001,0.6467572131047465,0.5038094654369534,0.1429477476677932,0.0018095056346673509,0.00015233464772568988,0.01434982040945148,0.004786398586183206,0.0016435608006703179,0.000517653362600268,0.1500264728695533,-0.0032000000000000015,6.982558249604527e-05,0.9572909433772374,-0.0031301744175039675,0.003130174417503956,0.1,0.0046867596418194435,-0.012237087631671455,0.0009964750049518722,109.93064023308783,0.4460850882111105,40.14766453200002,692.890625
95,0,95,0.0,0.001,0.2779231195257852,0.13969144369028624,0.13823167583549895,0.0004996276027502348,4.4332604705489385e-05,0.013876397183583175,0.003713468719856431,0.001116051414108767,0.0005196306033268995,0.1481979083211146,-0.0032000000000000015,-3.336444640668164e-05,0.9999999996907246,-0.003233364446406687,0.003233364446406683,0.1,0.002935554470412139,-0.01217126053342766,0.001190067589215584,16.152033193817818,0.44058372342105223,41.85546186299996,692.890625
100,0,100,0.0,0.001,0.34208369485371615,0.19250206868356667,0.1495816261701495,0.0007081201798675292,4.1485253726042286e-05,0.015015762802249193,0.0038703962410618674,0.0011152559050668742,0.0005351251791068767,0.1523077215400638,-0.0032000000000000015,-6.735934031460961e-05,0.9999999996939425,-0.003267359340314616,0.003267359340314611,0.1,0.0029941281436923536,-0.012084834433452445,0.0013660216806535483,46.608984791224586,0.43296042175000027,43.296050347999994,692.890625
105,1,5,0.25,0.0005,0.3466698867698903,0.20735363380638291,0.13931625296350741,0.0007576528765546437,4.978473510103411e-05,0.013985272540215511,0.003933054927837707,0.0011746584805268814,0.0005174695800405027,0.14869306163396984,-0.0032000000000000015,2.156132416777158e-05,0.9866143633527457,-0.0031784386758322318,0.00317843867583223,0.1,0.0034817762874446608,-0.01220074420811895,0.0014186351929666413,49.735250686196885,0.4634772837809524,48.665122007000036,695.28125
110,1,10,0.25,0.0005,0.31147308488937553,0.1623134081992579,0.14915967669011765,0.0005930050966767542,3.904532004503652e-05,0.014973405371935635,0.0037685780395591353,0.001102001718139289,0.0005340089840706561,0.1521785709134202,-0.0032000000000000015,-5.86317702163434e-05,0.9999999996931227,-0.003258631770216351,0.003258631770216345,0.1,0.002891772208757676,-0.01205058239355373,0.0015435286621458227,35.62440660931194,0.45797716241818204,50.37749816300004,695.28125
115,1,15,0.25,0.0005,0.3300926040341157,0.19361488131528412,0.1364777227188316,0.0007069036168887237,4.703512284026475e-05,0.013700326467944715,0.0038904708100125046,0.001155469297862481,0.0005148899858078974,0.14766657417234622,-0.0032000000000000015,1.538780665879762e-05,0.9904286461980449,-0.0031846121933412144,0.003184612193341204,0.1,0.0033442118883084846,-0.012138861735283422,0.0016325829835390302,44.236328676073434,0.45125245188695695,51.89403990400001,695.28125
120,1,20,0.25,0.0005,0.31951905685473747,0.16901816955597723,0.15050088729876024,0.000614282337499326,4.387650277507911e-05,0.015108042899838489,0.003782425082633137,0.001130397286872774,0.0005360012144332546,0.15267859973253858,-0.0032000000000000015,-6.10971060386231e-05,0.9999999996933547,-0.00326109710603863,0.0032610971060386246,0.1,0.0029161403182109604,-0.011965652213623584,0.0017788714693999503,39.235750344263906,0.44767030274999986,53.720444808000025,695.28125
125,1,25,0.25,0.0005,0.3223643144165274,0.19295286012682067,0.12941145428970674,0.0007135388741949371,3.782194684767086e-05,0.012990978579801919,0.003928554106085961,0.0010930757681853714,0.0005123695552945363,0.1451051045893019,-0.0032000000000000015,1.46471714012355e-05,0.9908872289145843,-0.0031853528285987758,0.003185352828598766,0.1,0.003260257406269204,-0.012101658819749481,0.0019208632828386712,34.8510572348134,0.4459264053199995,55.74080767600003,695.28125
130,1,30,0.25,0.0005,0.2753298293430746,0.11973702313128703,0.1555928062117876,0.000427443191791086,3.8814255494175734e-05,0.015619195563196572,0.00362290597038591,0.0010951961132790147,0.000539957114261903,0.1545420432623017,-0.0032000000000000015,-2.5374848502865115e-05,0.9999999996899586,-0.003225374848502877,0.0032253748485028665,0.1,0.003216143386042439,-0.011896241129142256,0.0018874490277856844,5.6649062211246966,0.4413566595307692,57.37637208299998,695.28125
135,1,35,0.25,0.0005,0.2763786910241649,0.1390823533326878,0.1372963376914771,0.0005057996480102743,3.5788754068356805e-05,0.013782503193591701,0.0036893887355287694,0.0010697482492858263,0.0005205039394996393,0.14798209728180292,-0.0032000000000000015,-4.229308256410538e-05,0.9999999996915763,-0.003242293082564108,0.003242293082564107,0.1,0.0029150099053414334,-0.011853593502105849,0.0021131950302819363,17.342050140756903,0.43716934607407437,59.01787060799995,695.28125
140,1,40,0.25,0.0005,0.26741146355276896,0.1285124972585824,0.13889896629418655,0.00046579476249869033,3.463448944906315e-05,0.01394338318650615,0.003636245546345335,0.0010712760833378977,0.0005206272377218575,0.14852947305911715,-0.0032000000000000015,-1.4089126680134095e-05,0.9999999996888699,-0.0032140891266801506,0.0032140891266801354,0.1,0.002724869242454326,-0.01182680817766462,0.0023087269105664964,8.546304371931454,0.43515091132142875,60.921136339999975,695.28125
145,1,45,0.25,0.0005,0.2652311893486679,0.12139996316168657,0.14383122618698135,0.0004375137085465994,3.521924776073332e-05,0.014438508467100495,0.003611825978140829,0.0010724701722327943,0.00052778161209944,0.1503690899440378,-0.0032000000000000015,-2.9609707495168988e-05,0.999999999690365,-0.003229609707495168,0.0032296097074951706,0.1,0.0030235965414404232,-0.011690904113001707,0.0024497159301860253,3.763451673871631,0.43158729489655184,62.580164483999965,695.28125
150,1,50,0.25,0.0005,0.26216947362564524,0.12251245171262515,0.13965702191302007,0.00044180926504705585,3.5255735421137223e-05,0.014019480656862359,0.003596888513991405,0.0010690751754495783,0.0005226075744805871,0.14882386947974532,-0.0032000000000000015,-2.344188476805159e-05,0.9999999996897726,-0.003223441884768059,0.003223441884768053,0.1,0.0027147578898134316,-0.011679813634824841,0.0027830093466544048,2.7677152325105134,0.4278246585066669,64.173707326,696.0078125
155,2,5,0.5,0.0005,0.26094619200512953,0.12354421634449057,0.13740197566063894,0.0004469192280300765,3.41634766608558e-05,0.01379310766907749,0.003599074226950572,0.0010634095953107007,0.0005209345070063837,0.14800868770649092,-0.0032000000000000015,-2.1945157126071978e-05,0.9999999996896285,-0.0032219451571260816,0.0032219451571260734,0.1,0.002708759357842921,-0.011637925792833292,0.003062563822449743,1.9810647749510042,0.45457647807741947,70.45936214400001,696.1328125
160,2,10,0.5,0.0005,0.2596948430145898,0.11899253832924817,0.1407023046853416,0.0004294337769589032,3.3924637309973033e-05,0.014124411446641335,0.0035717827310403497,0.0010631520619198583,0.0005251811803043194,0.14922254158521256,-0.0032000000000000015,-2.7980505303221764e-05,0.9999999996902088,-0.0032279805053032243,0.0032279805053032234,0.1,0.0027901062050581333,-0.011542714700369962,0.0033425144061057345,1.5874713186179346,0.4522817498374998,72.36508595800001,696.1328125
165,2,15,0.5,0.0005,0.2585603078708477,0.11799282177714403,0.14056748609370368,0.00042538418299576617,3.40813226688782e-05,0.014110877672171831,0.003555208294249699,0.001063782867622082,0.000524974300005892,0.1491575657408872,-0.0032000000000000015,-2.418394041316755e-05,0.999999999689844,-0.003224183940413179,0.003224183940413169,0.1,0.0027037326049102364,-0.01150142195463241,0.0036817306103157,1.6297080424565875,0.448472092248485,73.99790344600001,696.1328125
170,2,20,0.5,0.0005,0.2576939890995583,0.11980930445285634,0.13788468464670195,0.0004322907945684433,3.424811707596121e-05,0.013841564446977414,0.003560489172348012,0.0010632268242169664,0.0005231102464739858,0.14820053178261286,-0.0032000000000000015,-2.5099501782752727e-05,0.999999999689932,-0.0032250995017827663,0.003225099501782754,0.1,0.002695604487714404,-0.011476329204894664,0.003994430643488629,1.0746796947232085,0.44650132723529423,75.90523467799994,696.1328125
175,2,25,0.5,0.0005,0.2567691601316892,0.11790860942286484,0.13886055070882436,0.00042502889685516244,3.4108684861572814e-05,0.013939526835077987,0.003544042251289324,0.0010627593952585869,0.000524540234347248,0.1485710428651489,-0.0032000000000000015,-2.5991728733162866e-05,0.9999999996900178,-0.003225991728733172,0.003225991728733164,0.1,0.00270815348638467,-0.011434319560995648,0.004297552674556798,0.8837096312627808,0.4420199953199998,77.35350585799995,696.1328125
180,2,30,0.5,0.0005,0.2560955671304971,0.11599027785035601,0.14010528928014107,0.0004177003307728274,3.396724410179708e-05,0.014064480010252334,0.0035268213546539575,0.0010628329338259808,0.0005258947735772786,0.1490305890768968,-0.0032000000000000015,-2.3564705918535242e-05,0.9999999996897844,-0.0032235647059185384,0.0032235647059185367,0.1,0.0027092946921583485,-0.011399188808472755,0.0045944802602202245,1.4315744394997334,0.43823598612222237,78.88248800199995,696.1328125
185,2,35,0.5,0.0005,0.2553468460058836,0.1160481242252335,0.1392987217806501,0.0004178617799033283,3.403104946969407e-05,0.013983512671104788,0.003521683437648728,0.0010625639127830753,0.0005257704936050134,0.1487654025595723,-0.0032000000000000015,-2.564101782010128e-05,0.9999999996899841,-0.0032256410178201065,0.0032256410178201026,0.1,0.0026936080125572657,-0.011374491809174346,0.004877565395819446,1.1493709616540246,0.43542858222702713,80.55429372699996,696.1328125
190,2,40,0.5,0.0005,0.2546805978104548,0.11609668292053017,0.13858391488992464,0.00041806213512946287,3.4019782402931005e-05,0.013911756727575084,0.0035169866769483435,0.0010627814661560192,0.0005254320489384019,0.14854035474757663,-0.0032000000000000015,-2.4163689699719952e-05,0.9999999996898421,-0.0032241636896997287,0.0032241636896997213,0.1,0.0026937002715959287,-0.01135549560292978,0.005146749619695486,0.351733115069328,0.4325899962421054,82.19210868899995,696.1328125
195,2,45,0.5,0.0005,0.25406913565729744,0.11513785500924205,0.1389312806480554,0.00041443013197740993,3.391809782322136e-05,0.01394662706535161,0.003506036488153087,0.001062767734055483,0.0005260500524954424,0.14869333655515524,-0.0032000000000000015,-2.3422864434850863e-05,0.9999999996897708,-0.003223422864434853,0.0032234228644348524,0.1,0.0026858473224383637,-0.011332922412167394,0.005398945926491428,0.646863191947381,0.42948300105641024,83.749192838,696.1328125
200,2,50,0.5,0.0005,0.25348514326294186,0.11409954061555962,0.13938560264738223,0.0004104596212710902,3.3845399453371766e-05,0.013992234213451304,0.003495123362380499,0.0010627560944888347,0.0005268689756508536,0.14889046366212352,-0.0032000000000000015,-2.4367919133908034e-05,0.9999999996898618,-0.003224367919133923,0.0032243679191339093,0.1,0.0026849849596301306,-0.011310494599422469,0.0056322647902787674,0.4692273857268535,0.42752290398000015,85.504586539,696.1328125
205,3,5,1.0,0.0005,0.25262232447846306,0.11358534906819266,0.13903697541027038,0.000408479764215501,3.3822988271273955e-05,0.01395723724201231,0.0034869012629880976,0.001062954787223106,0.0005269809796341415,0.14881374894762572,-0.0032000000000000015,-2.4152530549059714e-05,0.999999999689841,-0.003224152530549062,0.0032241525305490614,0.1,0.002697284360949359,-0.01127618001547754,0.0058603642808982065,0.3303971179615421,0.44291375409268313,90.79732620499999,696.79296875
210,3,10,1.0,0.0005,0.25208600169510714,0.11332394603086897,0.1387620556642382,0.00040755180431705857,3.373304151304662e-05,0.013929639402613384,0.0034809193444877633,0.0010630190885725325,0.0005269348544367869,0.14875830311964777,-0.0032000000000000015,-2.3342996128824342e-05,0.999999999689763,-0.0032233429961288276,0.003223342996128826,0.1,0.002689789490286551,-0.011212854210223675,0.006100444493022428,0.2668438886111211,0.4399482604952379,92.38914331399997,696.79296875
215,3,15,1.0,0.0005,0.2515735388897177,0.11281815919664746,0.13875537969307022,0.0004057008878219863,3.361441782725072e-05,0.01392896923474518,0.0034734986190081076,0.0010629521985896632,0.0005270654160853169,0.14879461006543332,-0.0032000000000000015,-2.294834533595261e-05,0.9999999996897251,-0.003222948345335966,0.003222948345335954,0.1,0.002678844971389906,-0.011142544330038803,0.0063305372915525805,0.3113781937210992,0.4381879920139533,94.21043191199999,696.79296875
220,3,20,1.0,0.0005,0.25106672610616043,0.11216694349213349,0.13889978261402694,0.0004032666339239236,3.3512829726921366e-05,0.013943465132834773,0.0034655124020912956,0.0010629605945638612,0.0005274357452024089,0.14889194762345687,-0.0032000000000000015,-2.2952323825364997e-05,0.9999999996897255,-0.003222952323825375,0.0032229523238253665,0.1,0.0026803778414368927,-0.011132950722117892,0.0065406760591411005,0.16059495875754343,0.4407262302818181,96.95978272100001,696.79296875
225,3,25,1.0,0.0005,0.25057648675578903,0.11161691317779138,0.13895957357799762,0.00040123648817670513,3.340115063510511e-05,0.013949467253253496,0.0034585050020368275,0.0010628784128021295,0.0005276866110985454,0.14895667179770042,-0.0032000000000000015,-2.3012436107011597e-05,0.9999999996897313,-0.0032230124361070198,0.003223012436107013,0.1,0.002683448986089101,-0.0112422815059256,0.006730418173605186,0.11248048687598058,0.4411053280755555,99.24870588399995,696.79296875
230,3,30,1.0,0.0005,0.2500943612198446,0.1111446431423654,0.13894971807747916,0.0003995126994706418,3.32859139888712e-05,0.013948477908092116,0.0034518447124464256,0.0010627519516301098,0.0005278206910239021,0.1489940121439018,-0.0032000000000000015,-2.275294344825027e-05,0.9999999996897063,-0.0032227529434482555,0.0032227529434482515,0.1,0.0026794375220588564,-0.011357959114793457,0.006902479564908211,0.12745324001919853,0.4435804924217391,102.02352213300003,696.79296875
235,3,35,1.0,0.0005,0.24961810070068463,0.11070573263175802,0.1389123680689266,0.000397924378257268,3.316511225170966e-05,0.013944728524672195,0.003445287715185737,0.001062584755836578,0.0005279098338569023,0.1490237846606201,-0.0032000000000000015,-2.244031157441855e-05,0.9999999996896761,-0.003222440311574426,0.00322244031157442,0.1,0.0026740950996919847,-0.011478397391858946,0.0070573012376883406,0.1259448729868627,0.4454174211702129,104.67310388199996,696.79296875
240,3,40,1.0,0.0005,0.24914613760482002,0.11033445573721239,0.13881168186760764,0.0003965935903723057,3.305014332261581e-05,0.013934621132774041,0.0034395786556128804,0.0010624900304684185,0.0005279396317632286,0.14903373644805132,-0.0032000000000000015,-2.2143439421937908e-05,0.9999999996896476,-0.003222143439421945,0.003222143439421939,0.1,0.002672490383538576,-0.01160235887361309,0.007192440487029026,0.11376319321015625,0.4471064273416668,107.30555214000003,696.79296875
245,3,45,1.0,0.0005,0.2486768690419211,0.10994165114038136,0.13873521790153973,0.00039517989530382246,3.2934252438393966e-05,0.013926945291784792,0.0034338302649394407,0.0010624203867184345,0.0005279815155173586,0.1490557071405265,-0.0032000000000000015,-2.1929368002757766e-05,0.9999999996896269,-0.0032219293680027703,0.003221929368002759,0.1,0.0026735550621527432,-0.011728284698351408,0.0073108292515470874,0.09983091535748335,0.4474964671795918,109.63664338800004,696.79296875
250,3,50,1.0,0.0005,0.24820873564445617,0.10953534074410065,0.13867339490035552,0.0003937273164486949,3.280465359091076e-05,0.013920739185157436,0.0034279671332611505,0.0010622908577176563,0.0005280119611590004,0.14908399566113245,-0.0032000000000000015,-2.163695860816045e-05,0.9999999996895987,-0.0032216369586081685,0.003221636958608162,0.1,0.0026732481014684023,-0.011854448858071503,0.007414472514140522,0.09505846624610237,0.4481958874960001,112.048981271,696.79296875
255,3,55,1.0,0.0005,0.247740249820775,0.10911445032733377,0.13862579949344123,0.00039222852653843725,3.2664491018665354e-05,0.013915961316651793,0.0034219161900774756,0.0010621055392528588,0.0005280343285648492,0.14911885625345644,-0.0032000000000000015,-2.1323889649033037e-05,0.9999999996895687,-0.0032213238896490423,0.0032213238896490345,0.1,0.002671804597752843,-0.01197917699701717,0.0075047796436871145,0.10734591431176459,0.47753229385098034,121.77074595099998,696.79296875
260,3,60,1.0,0.0005,0.2472702545679388,0.10869753812842525,0.13857271643951355,0.00039074922686840733,3.252032943567887e-05,0.013910632570287648,0.003415894364631992,0.0010618995811477578,0.0005280432646246846,0.14915387807722097,-0.0032000000000000015,-2.1068096476704537e-05,0.999999999689544,-0.003221068096476711,0.003221068096476706,0.1,0.0026705746897011363,-0.012101089051100964,0.007582254137576844,0.11255843215642478,0.4769034903538463,123.99491573299997,696.79296875
265,3,65,1.0,0.0005,0.24679751541125078,0.10829310923317935,0.13850440617807144,0.00038932268680985226,3.237201837989648e-05,0.013903775239551,0.003409994667568766,0.0010616692000941183,0.0005280372389076612,0.14918593778801525,-0.0032000000000000015,-2.087982661507879e-05,0.9999999996895258,-0.0032208798266150853,0.00322087982661508,0.1,0.0026697130193886324,-0.012218937577549525,0.007648036965802965,0.098547549389501,0.4749497386415094,125.86169038900005,696.79296875
270,3,70,1.0,0.0005,0.24632113391641458,0.10789412016630878,0.1384270137501058,0.000387921894234319,3.221914259998864e-05,0.013896006194844263,0.0034041518939389014,0.0010614261133616901,0.000528012237242258,0.1492175340710001,-0.0032000000000000015,-2.0666571302986884e-05,0.9999999996895053,-0.003220666571302997,0.0032206665713029885,0.1,0.0026696256301987514,-0.012331889997216421,0.007703645886755813,0.09925049530239562,0.4742157228851852,128.03825294399996,696.79296875
275,3,75,1.0,0.0005,0.24584016959129612,0.10750993260969643,0.13833023698159969,0.000386585225338651,3.205978040401655e-05,0.013886291251653294,0.0033984507703189322,0.001061169686506687,0.0005279493936962216,0.14924437028011853,-0.0032000000000000015,-2.037119084278932e-05,0.9999999996894768,-0.0032203711908427896,0.003220371190842791,0.1,0.0026698971748353294,-0.012439247774367642,0.007749818386623998,0.11925901989302076,0.4743444759309089,130.44473763899998,696.79296875
280,3,80,1.0,0.0005,0.2453540999399449,0.1071161932543897,0.1382379066855552,0.0003852158442350959,3.189593559381419e-05,0.013877022667935073,0.0033925643773771563,0.0010608544297534606,0.0005278982415896125,0.14927561973839154,-0.0032000000000000015,-2.02864518018829e-05,0.9999999996894686,-0.0032202864518018925,0.0032202864518018843,0.1,0.0026684262864847272,-0.01254403340799796,0.007787464622294191,0.15111690650917267,0.4734396556749999,132.56311177199996,696.79296875
285,3,85,1.0,0.0005,0.24487028736635452,0.10676408258786506,0.13810620477848948,0.00038401742434493046,3.172323219861389e-05,0.013863801762080947,0.0033871498153002113,0.0010606503973606587,0.0005277403664334908,0.14929591175579313,-0.0032000000000000015,-1.9452641717694035e-05,0.9999999996893882,-0.0032194526417177053,0.0032194526417176953,0.1,0.002672559442367857,-0.01266238783501437,0.007816383638157582,0.5850223474869451,0.4720043163859648,134.52123953199998,696.79296875
290,3,90,1.0,0.0005,0.24474287879894552,0.106612161357805,0.1381307174411405,0.00038340850815622235,3.174056524065752e-05,0.01386626246756626,0.003380591646571692,0.0010607443622425617,0.0005280586789444976,0.14937362761553494,-0.0032000000000000015,-2.2753507329036058e-05,0.9999999996897063,-0.0032227535073290356,0.0032227535073290374,0.1,0.002652982838111959,-0.012767781077933709,0.00783884369161639,3.5578941687970267,0.4708474989448275,136.54578575799997,696.79296875
295,3,95,1.0,0.0005,0.24600577808937063,0.10838886625113282,0.13761691183823782,0.000389861054490533,3.2206529710093425e-05,0.013814684053444213,0.0033872201469272107,0.0010661272715896746,0.000526750556812934,0.14926794065611076,-0.0032000000000000015,-1.2269165890345293e-05,0.9999999996886936,-0.0032122691658903525,0.003212269165890347,0.1,0.0027447625837250323,-0.012872658428756519,0.007847904675769398,8.490862734886663,0.46921958771525407,138.41978531899997,696.79296875
300,3,100,1.0,0.0005,0.24667447020203198,0.108526880529884,0.138147589672148,0.0003899324652699156,3.26725482371743e-05,0.01386795618774594,0.003375914155478407,0.001066435291645347,0.0005285988017763464,0.149529155421579,-0.0032000000000000015,-2.8326690691974354e-05,0.999999999690242,-0.003228326690691979,0.003228326690691976,0.1,0.002655922742134326,-0.012944740607307569,0.007859906232157985,10.50993171358884,0.46829593691333343,140.48878959700005,696.79296875
305,3,105,1.0,0.0005,0.2454364390814343,0.10809161161195481,0.1373448274694795,0.00038892029479919705,3.1989776164233974e-05,0.01378737084360635,0.00337787445136381,0.001066432947726727,0.0005264608429963897,0.14932974020687795,-0.0032000000000000015,-1.1327803480122183e-05,0.9999999996886023,-0.0032113278034801296,0.0032113278034801235,0.1,0.0027534973298740575,-0.013034881529001372,0.007848098367525194,9.290561880218736,0.48428175035737697,147.705942713,696.79296875
310,3,110,1.0,0.0005,0.24526327262022196,0.10739137904780084,0.13787189357242113,0.0003860772710533953,3.21060856546591e-05,0.013840280414022936,0.0033632881298056886,0.0010648522422569992,0.0005282974309733754,0.14959655408547518,-0.0032000000000000015,-2.742418610332482e-05,0.9999999996901554,-0.0032274241861033263,0.0032274241861033263,0.1,0.0026555795976455727,-0.013087928755117398,0.007844231840122094,9.832926797023173,0.48285523299032246,149.68513210000003,696.79296875
315,3,115,1.0,0.0005,0.24440270637702227,0.10733437808758485,0.1370683282894374,0.0003863674711790418,3.159392308575077e-05,0.013759614452605451,0.0033663664633003885,0.001065632554264432,0.000526177475471078,0.14940352684497443,-0.0032000000000000015,-1.1051112586033214e-05,0.9999999996885754,-0.0032110511125860415,0.0032110511125860346,0.1,0.0027537293498990133,-0.01316018780400272,0.007815568093966644,9.251217607325353,0.48202885981904764,151.839102969,696.79296875
320,3,120,1.0,0.0005,0.24192196528407894,0.1045416502149305,0.13738031506914844,0.00037639499328617526,3.069148414158785e-05,0.013790933268970303,0.003346155508463916,0.0010591497384032048,0.0005273960874874367,0.14960097446046294,-0.0032000000000000015,-2.2422319632196036e-05,0.9999999996896745,-0.0032224223196322048,0.0032224223196321974,0.1,0.0026539146925975777,-0.013197137685780007,0.007793885774669121,4.3971688808473015,0.4804436956749999,153.74198940600002,696.79296875
325,3,125,1.0,0.0005,0.2408562217491932,0.10374918230029638,0.13710703944889682,0.00037375517087293817,3.0245426705217888e-05,0.013763500475261614,0.003340041146290776,0.001057880885544049,0.0005268708160531058,0.1495960233896304,-0.0032000000000000015,-1.9475663940193008e-05,0.9999999996893905,-0.0032194756639402004,0.0032194756639401943,0.1,0.002665284229192414,-0.013235880254391588,0.007759514869212553,1.1956149273077454,0.47953521544,155.84895392500005,696.79296875
330,3,130,1.0,0.0005,0.24106557168235995,0.1043336646113969,0.13673190707096305,0.0003759138793573021,3.036269956088034e-05,0.013725842783266141,0.003340117169888879,0.0010603092779637416,0.0005260364738201791,0.14955768089845253,-0.0032000000000000015,-1.3858281582517753e-05,0.9999999996888476,-0.003213858281582521,0.003213858281582519,0.1,0.002713040012941644,-0.013263471552068364,0.00771934896219676,5.178571114505219,0.4782447714969697,157.82078570299996,696.79296875
335,3,135,1.0,0.0005,0.2435003808001609,0.10634688365342697,0.13715349714673394,0.0003822991300583661,3.181694868046736e-05,0.013768164134755909,0.003335690863797284,0.0010668362366389032,0.0005275794370777617,0.14980041824956386,-0.0032000000000000015,-2.7411051036282174e-05,0.9999999996901541,-0.003227411051036293,0.0032274110510362836,0.1,0.002664473350864806,-0.013258820362804525,0.0076845572257528,11.24925669410492,0.4777899159761193,160.05962876,696.79296875
340,3,140,1.0,0.0005,0.2391789719087397,0.10259548546782614,0.13658348644091356,0.0003697838061231377,2.9724281736793043e-05,0.013710943567146855,0.003322090135692644,0.0010575161412888661,0.0005262278725034825,0.14969848843392095,-0.0032000000000000015,-1.795841126247791e-05,0.9999999996892439,-0.003217958411262485,0.0032179584112624793,0.1,0.0026729733678237753,-0.013262492269860654,0.007634334775007663,0.21345518167847066,0.47675404140294103,162.096384909,696.79296875
345,3,145,1.0,0.0005,0.24057051893163042,0.1044227998803704,0.13614771905126002,0.0003761783353320037,3.0445337424724342e-05,0.013667199024935838,0.0033273247573703878,0.0010636167440139259,0.0005252260483150551,0.14964861150412564,-0.0032000000000000015,-1.0797613683695266e-05,0.9999999996885509,-0.003210797613683713,0.003210797613683697,0.1,0.002744737964121025,-0.01325301554944385,0.007582866971042104,8.124232610948656,0.47520786098260864,163.94672117100004,696.79296875
350,3,150,1.0,0.0005,0.23808837396297824,0.1018856952413757,0.13620267872160255,0.000367341406186958,2.9402749762539794e-05,0.01367271615558004,0.0033101637232913557,0.0010575463004680505,0.00052576292576879,0.14977477346766888,-0.0032000000000000015,-1.651559288682337e-05,0.9999999996891046,-0.0032165155928868235,0.003216515592886825,0.1,0.0026816282115079554,-0.013219648361131153,0.007534438007461139,0.9715127677387888,0.4739062834257142,165.867209268,696.79296875
355,3,155,1.0,0.0005,0.239192886750155,0.10286571014393621,0.13632717660621876,0.0003703348476012308,3.0225498485785e-05,0.013685213885098321,0.0033050033551195804,0.0010617664001273898,0.0005264713823853511,0.14992765966598917,-0.0032000000000000015,-2.338563612999083e-05,0.9999999996897672,-0.003223385636130003,0.0032233856361299925,0.1,0.0026600811974446525,-0.013173754203039175,0.007481743053034782,7.542531908768636,0.4869421327718309,172.86446973800003,696.79296875
360,3,160,1.0,0.0005,0.23714308790576022,0.10116396250949397,0.13597912539626625,0.0003646950849342381,2.923863484114162e-05,0.013650274738189075,0.003295808297409792,0.0010578162792223853,0.0005257876486330928,0.14992029054593506,-0.0032000000000000015,-1.9094746143811918e-05,0.9999999996893537,-0.003219094746143829,0.0032190947461438134,0.1,0.0026656528954180853,-0.013126920851485358,0.0074198287612393735,2.644656352644256,0.4860038344416665,174.961392414,696.79296875
365,3,165,1.0,0.0005,0.2395543259996062,0.10417285629594067,0.13538146970366552,0.0003751010069808066,3.054938237038905e-05,0.013590279026501208,0.00330698028095399,0.0010677249902017814,0.0005243212135243457,0.14982884318845893,-0.0032000000000000015,-8.104360870171052e-06,0.9999999996882895,-0.0032081043608701773,0.0032081043608701725,0.1,0.0027727238503386367,-0.013073786835515619,0.0073496446231064265,10.40939056324496,0.4845195696520549,176.84964925500003,696.79296875
370,3,170,1.0,0.0005,0.2386847130154498,0.10279807094535523,0.13588664207009457,0.00036975079026478993,3.054616794734769e-05,0.013640990792530018,0.00328800033123611,0.0010657670642289611,0.0005262283814602122,0.1501279292346115,-0.0032000000000000015,-2.4606552013710578e-05,0.9999999996898846,-0.003224606552013719,0.003224606552013712,0.1,0.002668427112961145,-0.012985539828726321,0.0072876732018471784,9.892001750664411,0.4831869876081082,178.77919357199994,696.79296875
375,3,175,1.0,0.0005,0.23524456577565525,0.09993348184129294,0.1353110839343623,0.0003604740477263299,2.8668165125913608e-05,0.013583213345751697,0.0032771896388064893,0.0010577575517260742,0.0005248951841593255,0.15004883469339048,-0.0032000000000000015,-1.5284729760421584e-05,0.9999999996889856,-0.0032152847297604245,0.003215284729760423,0.1,0.002687463824204704,-0.012909742417628203,0.007208527000802606,1.275054325338352,0.48212542564533334,180.79704113000003,696.79296875
380,3,180,1.0,0.0005,0.23583857895876326,0.10087434089060672,0.13496423806815655,0.00036366383379786703,2.9142095815626534e-05,0.013548395197365195,0.0032772649292585362,0.0010618837165650762,0.0005242067360700749,0.15005568245293394,-0.0032000000000000015,-1.0779032703843949e-05,0.9999999996885491,-0.0032107790327038552,0.0032107790327038453,0.1,0.0027312490444676187,-0.012821613966588017,0.007129479701358194,6.479329231868247,0.48135570648421044,182.91517825100004,696.79296875
385,3,185,1.0,0.0005,0.23668486847759906,0.10137892211667685,0.13530594636092222,0.0003646687817635179,3.010199337780844e-05,0.013582697610055202,0.0032666217669449003,0.001065908532845572,0.0005256623656090371,0.15030693149848193,-0.0032000000000000015,-2.354343542542462e-05,0.9999999996897824,-0.0032235434354254407,0.003223543435425426,0.1,0.00267032107516535,-0.012710005312762902,0.007054571438254505,9.50857261361163,0.4803022021662338,184.91635783599997,696.79296875
390,3,190,1.0,0.0005,0.23458329929388066,0.09999097083991088,0.1345923284539698,0.00036050476784208716,2.8861307880984532e-05,0.013511061022751049,0.0032627237769989087,0.0010618891167590676,0.0005238805940868607,0.15018893890606183,-0.0032000000000000015,-1.0504074928059494e-05,0.9999999996885224,-0.003210504074928068,0.003210504074928061,0.1,0.0027295911150740835,-0.01260951462514587,0.006964003001674572,6.336980983180744,0.4792359841384615,186.90204449700002,696.79296875
395,3,195,1.0,0.0005,0.23337495053659024,0.09863247122215232,0.13474247931443792,0.00035550189522681595,2.8574166202016926e-05,0.013526133928181147,0.003247549289242992,0.0010598050776554446,0.0005247721843190002,0.15037799621849032,-0.0032000000000000015,-1.9003485931793926e-05,0.9999999996893448,-0.0032190034859317937,0.0032190034859317955,0.1,0.002667949578233292,-0.012488110165003192,0.006882228660371822,4.435488718312012,0.4784178768886077,188.97507324799994,696.79296875
400,3,200,1.0,0.0005,0.2338801870964634,0.09972703769580331,0.13415314940066012,0.00035938287349931015,2.89554433000188e-05,0.01346697400042711,0.0032507596944106234,0.0010640316509764312,0.0005233781844697458,0.15031209658639202,-0.0032000000000000015,-8.95727172418663e-06,0.9999999996883723,-0.003208957271724197,0.003208957271724188,0.1,0.0027434989664434067,-0.012372687900128661,0.006790833406069543,7.633662692661642,0.47837591805750007,191.350379955,696.79296875
