split,topology_id,pressure_mean,pressure_std,pressure_min,pressure_max,pressure_drop
train,topology_0001,11.220352378174649,7.238308000217663,-0.5914035767524535,36.21205326544649,36.80345684219895
train,topology_0002,13.612315788553055,7.728228576146301,-0.07088423294236594,39.05587926703403,39.1267634999764
train,topology_0003,16.542700997092048,8.719292590190534,-0.34076381323808486,46.488457873682414,46.8292216869205
train,topology_0004,14.161062014674416,9.547005033772065,0.07937811821781907,43.19704232952986,43.11766421131204
train,topology_0005,9.517726778723777,6.411889269916391,-0.7221610521366847,40.69734708555696,41.41950813769365
train,topology_0006,8.357386238956893,5.2425688014352705,0.13436664662150605,31.343457849061693,31.209091202440188
train,topology_0007,15.111626496454159,6.599507592972786,0.18020145870538457,40.28645968405287,40.10625822534749
train,topology_0008,16.364853148531118,7.391305362417983,-0.8950378000129475,46.85451864553486,47.74955644554781
train,topology_0009,9.704646086845159,6.535638732027715,0.2060148747939091,34.4510517106832,34.245036835889294
train,topology_0010,8.450229643433183,6.957237427882426,-0.35620096307130644,35.134156549699966,35.490357512771276
train,topology_0011,12.126258070804486,6.258829458455334,-0.06962055113111067,38.40503981127715,38.47466036240826
train,topology_0012,8.202584659446295,5.385951734931382,0.15075012968355544,37.880963082973196,37.73021295328964
train,topology_0013,15.677646506024283,9.95029186924189,0.2043429397615072,50.79759846330438,50.59325552354287
train,topology_0014,11.90307173039821,9.095128352574696,-1.1262459286903068,37.312272085624556,38.438518014314866
train,topology_0015,15.322826902714835,7.806326359107338,-0.3727891062018404,46.27849815337167,46.651287259573515
train,topology_0016,7.214912175888673,6.970023915279378,0.017641806217234768,38.77854615470114,38.760904348483905
train,topology_0017,21.44355552524204,13.020912091169937,0.07850008643545715,55.45923176797492,55.380731681539466
train,topology_0018,12.353503525825115,7.471415077216425,0.17596504407816965,38.024421236013204,37.848456191935036
train,topology_0019,16.770594101912323,7.914346586856506,0.4024148046864301,50.0053025388695,49.60288773418307
train,topology_0020,9.876339118819196,5.704000092673744,-0.0852227247678971,34.02286437383733,34.108087098605225
train,topology_0021,20.551071255165816,8.176744583857824,0.5168599339121063,49.96786427012944,49.45100433621733
train,topology_0022,7.151885695792702,4.9805192955231705,0.19264541798334117,33.90063983842466,33.70799442044132
train,topology_0023,14.412111808069653,9.084866614398099,-0.30183155020763475,48.541721409695015,48.84355295990265
train,topology_0024,11.242435829500248,6.420149232342279,-0.0061948641081426,40.21396097058713,40.22015583469528
train,topology_0025,12.542349802769616,7.528556099478198,0.13991463222603434,40.60452390953901,40.464609277312974
train,topology_0026,11.457753275900359,8.98142620633071,-0.7510828728153836,39.41753403981605,40.16861691263143
train,topology_0027,16.64313429194577,6.828234783410758,0.4610154198269323,41.80260818843795,41.341592768611015
train,topology_0028,15.802383894340938,11.74505904312606,-0.854681698348679,51.32250682246935,52.17718852081803
train,topology_0029,13.456668897031925,8.427562275413129,0.060116885023443416,43.68895642752175,43.62883954249831
train,topology_0030,18.17739557236422,9.49334219085917,0.0013808221671215495,48.2800740544811,48.27869323231398
train,topology_0031,21.70055052213193,11.225356765167094,0.43725966486806517,52.58132186121578,52.14406219634771
train,topology_0032,9.290033220900938,6.944853208119562,-0.4023138978754572,31.389128161595497,31.791442059470956
train,topology_0033,25.2594048322327,12.28121682680822,0.4942734898186565,62.342383114590085,61.848109624771425
train,topology_0034,24.952033578272097,13.094057887514467,0.5079705127933479,55.76002019945956,55.25204968666621
train,topology_0035,15.135258878566818,11.308452801837147,0.05701948357854281,43.4809061845542,43.42388670097566
train,topology_0036,18.33524116140965,9.40278004967385,0.10040495756918422,44.26679893268879,44.16639397511961
train,topology_0037,14.753211254155206,9.81800569615225,0.2073538278750841,47.34156253468557,47.13420870681049
train,topology_0038,11.150359878107018,7.218872653765676,-0.5001643497123079,40.363030046305255,40.86319439601756
train,topology_0039,12.116279212760222,5.877326410961189,0.18244659173786096,38.26998289584213,38.087536304104276
train,topology_0040,14.668417257892227,6.245634722262431,0.17756929033278848,41.67160335217986,41.49403406184707
train,topology_0041,11.963290844846433,9.078294742976158,0.11835118099767124,42.38198344966271,42.26363226866504
train,topology_0042,10.21063536938507,6.504353339112432,0.0733058488240009,44.93706921151758,44.86376336269358
train,topology_0043,14.658675813026681,7.162802759679661,0.17781284235598221,39.17000005457438,38.9921872122184
train,topology_0044,15.089646559472294,9.044418627620573,0.17818386150597262,43.90126770249327,43.7230838409873
train,topology_0045,7.120337587160854,4.383618893594767,-0.3004086241536545,29.06217071169119,29.362579335844845
train,topology_0046,16.42669269796507,7.812008156916949,0.26865030355557756,45.77168050604617,45.50303020249059
train,topology_0047,12.263240834316889,5.218561898596836,0.40643316026953213,35.45753744621642,35.05110428594689
train,topology_0048,10.634644649776078,8.675951573203543,0.19358959026774494,37.688482402680194,37.49489281241245
train,topology_0049,12.774658992082358,8.74380876800316,-1.0375898396796965,40.06397686932878,41.10156670900848
train,topology_0050,15.518169914862503,10.924775582932222,0.17792669648652268,48.805553674876975,48.62762697839045
train,topology_0051,22.50469913437853,10.822734811386688,0.47664733361070016,57.05700127704139,56.58035394343069
train,topology_0052,17.36930049105315,11.778835634731731,-0.265475485959067,54.845755344109044,55.11123083006811
train,topology_0053,8.379054961605906,5.998288932194354,0.2097418363865956,38.03188507055722,37.822143234170625
train,topology_0054,13.569009204478427,8.271409343993636,0.14622731636238134,45.97054139008856,45.82431407372618
train,topology_0055,24.322721376419494,12.964086494009042,0.08977887278647287,61.04434497400701,60.954566101220536
train,topology_0056,12.621521846913573,8.19998176441439,-0.25128360692236495,43.983054956850474,44.23433856377284
train,topology_0057,23.37191923320563,14.787100714486654,0.029875725551454478,64.06518354533725,64.0353078197858
train,topology_0058,15.854807583654779,9.351819904712954,-0.05943919121902262,49.08024452985878,49.1396837210778
train,topology_0059,13.802498514982213,6.681507744373224,0.2826214750718745,37.38626059902209,37.10363912395021
train,topology_0060,13.578631324732768,6.408746245187568,-0.0484266398012157,39.32888977461596,39.37731641441717
train,topology_0061,13.156753377299944,9.330774779359631,0.09192130205131406,43.552596984765465,43.460675682714154
train,topology_0062,14.788341784558563,10.945673007759227,-0.37103275886578746,44.44920318806364,44.82023594692943
train,topology_0063,16.802574004331774,12.284330008517534,-0.42298796094352187,52.568502235197464,52.99149019614099
train,topology_0064,14.153331194703792,8.455968296271461,0.1552901168288206,40.60546851322046,40.450178396391635
train,topology_0065,7.440454322077482,6.053413485211364,0.15065516908047566,31.65145115808489,31.500795989004413
train,topology_0066,17.456936157281355,7.21598883044834,0.5038192340910013,44.06144849546352,43.55762926137252
train,topology_0067,13.772608116726872,6.082817071156145,-0.07267760839895501,38.65245577590547,38.72513338430443
train,topology_0068,19.650164861064148,10.139273915869182,0.20761062476350323,54.9774091767429,54.7697985519794
train,topology_0069,19.362754825857444,8.398243761269578,0.4404269947843896,51.83067342857813,51.39024643379374
train,topology_0070,15.867363485529543,6.908578873692791,0.49001692171723715,42.34962053638642,41.85960361466918
train,topology_0071,18.87237143333371,12.405978248197982,0.1981967292623623,53.68186817583735,53.48367144657499
train,topology_0072,11.701199941158372,5.136144352787926,0.10783713884858395,32.99002374571644,32.88218660686786
train,topology_0073,22.39509111071318,14.814742295903123,-0.14766653759136739,57.11291968697162,57.26058622456299
train,topology_0074,17.55546588732799,7.772654993438797,0.2179655505863641,41.897776675427174,41.67981112484081
train,topology_0075,17.58281223923262,11.482519844664521,-0.4033786868780862,51.79635422717147,52.199732914049555
train,topology_0076,10.165370750544813,6.52580485240387,-0.2163209115328716,35.69992991703363,35.9162508285665
train,topology_0077,13.345917563768499,4.271203388275254,0.43032727900275747,36.7132395420946,36.28291226309184
train,topology_0078,9.715307052067537,5.066809624289986,0.15168246564447285,32.15988455829222,32.00820209264775
train,topology_0079,21.213925997643848,12.460416927246019,0.1461296815174025,53.15204453305394,53.00591485153654
train,topology_0080,12.592101680841317,8.815084737794367,0.1432865478428867,43.84768977304324,43.70440322520036
train,topology_0081,9.730985198364827,6.650414544162835,0.17113407003381617,38.640261566843186,38.46912749680937
train,topology_0082,20.248315857786586,10.64445793832205,-0.14682995989199288,48.42285943951374,48.56968939940574
train,topology_0083,10.225020331756383,6.215039185171207,-0.44379247634316676,40.860385991287984,41.304178467631154
train,topology_0084,12.404370342721101,9.636083131151285,-0.3735304552997498,39.2198701874751,39.59340064277485
train,topology_0085,23.000185341933364,12.804585035485152,0.2317780754401732,51.912735865725544,51.68095779028537
train,topology_0086,18.123337193859633,8.87944827703492,0.08730385127081913,45.659600516667865,45.57229666539705
train,topology_0087,15.83635426028544,10.981625889798693,-0.39368582422162024,48.51249264397391,48.90617846819553
train,topology_0088,19.711109077659582,8.66287438421922,0.4846257987660627,51.122890885017796,50.638265086251735
train,topology_0089,11.378635471753022,6.532005673003886,-0.4279414059598823,37.24393903304279,37.67188043900268
train,topology_0090,11.535712077385137,8.142089506731812,-0.05603353962401149,42.874447512335465,42.930481051959475
train,topology_0091,18.043616678848082,10.709589791199267,0.18751157119963294,51.969536759890644,51.78202518869101
train,topology_0092,10.396849029290873,7.048301498441941,0.041834669943489985,35.418684989765985,35.376850319822495
train,topology_0093,5.831576770961366,3.7557970668556684,0.1268620524429757,30.26156515491335,30.13470310247037
train,topology_0094,15.096463234794342,4.9749907714354915,0.4805524120654826,39.94376533295429,39.46321292088881
train,topology_0095,25.627513927989895,15.213616284939405,0.13430800347118554,66.82744023616922,66.69313223269803
train,topology_0096,17.809582553081185,9.23690750089159,-0.4571406159492083,37.926509099542955,38.38364971549216
train,topology_0097,17.3707032266142,9.229530551936831,0.2043659534189808,49.101146294118955,48.896780340699976
train,topology_0098,12.057900594825586,6.121326608351649,0.18234661153890244,34.509737981799965,34.32739137026106
train,topology_0099,13.712464617279409,8.496687243518277,0.2149402950008377,48.24014160171747,48.02520130671663
train,topology_0100,11.785471520987745,7.765722316803791,-0.2646821188830066,38.455528943763326,38.720211062646335
train,topology_0101,16.193630995546297,11.31659815223211,-0.4686471354964763,47.20147165595838,47.670118791454854
train,topology_0102,13.114663162781191,6.9093976849217285,0.03729367115260109,43.92167253135547,43.884378860202865
train,topology_0103,11.834437117377998,6.109452859152976,-0.5333291458649053,34.12084518456685,34.65417433043176
train,topology_0104,19.609951143974115,10.900352925341966,0.1616689161156159,51.25019984813463,51.08853093201901
train,topology_0105,20.61950644573202,9.281354955312672,0.4870097931326728,51.358332975820645,50.87132318268797
train,topology_0106,10.671116050626408,7.272783514223573,-0.07533469523403756,40.665431409495454,40.740766104729495
train,topology_0107,6.6083461354088096,5.153899022392569,0.24227736137226424,31.933629766056406,31.691352404684142
train,topology_0108,12.735082727279808,7.669005030727841,-0.2501857874534296,38.51936665913635,38.769552446589785
train,topology_0109,12.956016542429364,7.298389586169978,0.000766064969445223,38.95632735996064,38.95556129499119
train,topology_0110,14.162826607608446,5.839470716677019,0.17398300240440107,39.417587392966524,39.243604390562126
train,topology_0111,17.573746131588102,8.499503562590805,0.060618512669646026,38.42716497112654,38.36654645845689
train,topology_0112,21.231977625387437,9.38767358273026,0.4702140154419229,47.63439037847799,47.16417636303606
train,topology_0113,20.745456753793363,12.489749450327318,0.09680928371207168,53.882132770263894,53.785323486551825
train,topology_0114,20.1481928288179,12.82832277402535,0.11690848506018636,53.3293500806025,53.212441595542316
train,topology_0115,15.773314015283846,7.778814273919672,-0.030959668103218388,42.472699251421105,42.50365891952433
train,topology_0116,9.148586930311243,7.965066346715227,-0.3318777725956762,33.55380584685495,33.885683619450624
train,topology_0117,9.088638593857436,6.147759482390762,0.18796905765738572,35.77692043984322,35.58895138218583
train,topology_0118,12.073516860789073,9.532370834216172,-0.37824914746025207,42.64288843843016,43.021137585890415
train,topology_0119,9.790899660542923,6.255932406665491,-0.18982446140726614,37.01322743639505,37.20305189780232
train,topology_0120,8.004921050686196,5.426760056804576,0.16979353146417106,35.69310593182955,35.52331240036538
train,topology_0121,12.950697875549999,8.848307807862023,-0.7058683553928584,42.4338128518363,43.13968120722916
train,topology_0122,16.460758519818484,8.51269675529448,-0.17314794317378207,43.49888720474833,43.67203514792211
train,topology_0123,19.277804184751723,11.559223296224546,0.19915339602401821,49.642723164565346,49.44356976854133
train,topology_0124,10.1195305597156,5.642553779214883,0.17263803839233194,36.02894905457216,35.85631101617983
train,topology_0125,15.902330394771413,6.550509225372154,0.4369832404385788,42.75822445364602,42.32124121320744
train,topology_0126,16.88502026843011,8.418452165522929,-0.8923264014923489,44.50280512651147,45.395131528003816
train,topology_0127,15.346563863676531,8.90758219588812,-1.0795348482288958,42.43410510272695,43.51363995095585
train,topology_0128,12.069596060264345,9.710376663588926,-0.5378952462077126,43.673640665604125,44.211535911811836
train,topology_0129,17.305671962699,10.454356976399987,0.17231014014998736,49.8829923426457,49.71068220249571
train,topology_0130,16.85157617987156,8.729630259366472,0.32289537697621545,43.9032440128352,43.58034863585899
train,topology_0131,18.608666013633922,10.393444341605138,0.04834579085785074,47.657296823945146,47.608951033087294
train,topology_0132,16.46894354001755,9.067965192588984,-0.21724551938375547,46.27644518995851,46.49369070934226
train,topology_0133,13.517600392123713,7.429961730011427,0.17613021995735387,35.88208949429305,35.7059592743357
train,topology_0134,11.943966737932808,5.1002575165694335,0.478015853248408,36.82633345829562,36.348317605047214
train,topology_0135,24.046695249371155,9.877852050228611,0.4722356866738234,49.479315815948524,49.0070801292747
train,topology_0136,11.732758520258919,8.607347664361681,0.05135519711984368,41.846608293360056,41.79525309624021
train,topology_0137,14.439204853632365,6.229863877185102,0.12047416114431352,39.05760829853163,38.93713413738732
train,topology_0138,11.695207847752169,5.6187959919595505,-0.41159619495757255,36.68052344955123,37.092119644508806
train,topology_0139,11.289054571003508,4.871611295054158,0.08332340311577073,34.99963462411662,34.916311221000846
train,topology_0140,10.24920264729466,6.661421713633998,-0.26170166110186555,32.80992433831981,33.07162599942168
train,topology_0141,21.038563568000548,10.347449762010175,-0.013465339468100399,48.35332829944992,48.36679363891802
train,topology_0142,16.93165859731588,9.08036403536061,-0.34340738177330693,52.464004975268324,52.80741235704163
train,topology_0143,10.95228778278508,7.137596494655776,-0.026994028384481623,39.21458815418587,39.24158218257035
train,topology_0144,10.83332765471259,7.399710574625807,0.08450867449375586,39.805496217546334,39.72098754305258
train,topology_0145,18.24597661827016,9.332853735714203,0.20352896228808995,47.264715803606194,47.061186841318104
train,topology_0146,15.827628036735785,10.744717018738642,0.18470436721323016,42.86351705014837,42.67881268293514
train,topology_0147,8.31550062570727,5.079369063330901,-0.36290460897855026,32.487120396104785,32.85002500508334
train,topology_0148,15.165138902146879,10.47481464731504,0.05472063061614339,42.90140973280862,42.84668910219247
train,topology_0149,18.80066345624941,11.385012800143645,0.0134321015434495,53.966193722225476,53.952761620682026
train,topology_0150,18.281433790443913,9.520303419291219,0.4268775846629297,47.452984755257724,47.02610717059479
train,topology_0151,16.837630351028814,11.021663860995092,0.13056924524161054,46.20630473202586,46.075735486784254
train,topology_0152,8.956183564012285,4.4180041666197045,0.19783604987227008,33.14733394482884,32.949497894956565
train,topology_0153,13.072311651982705,8.221137635874921,-0.6033265224989471,42.75355276394658,43.356879286445526
train,topology_0154,18.85927224331078,10.57487400828661,-0.9362485077865619,51.6274862386904,52.56373474647696
train,topology_0155,7.843113753683298,5.75070955972957,-0.8889287842709183,32.4194694836014,33.30839826787231
train,topology_0156,17.1001226091591,9.792184381727429,0.18157486773447343,47.66963679611117,47.488061928376695
train,topology_0157,18.948853449005902,10.033948599471461,-0.06405158469575974,44.47146554573521,44.53551713043097
train,topology_0158,13.784000404237451,7.2289408653213005,-0.7487382873799325,24.42062924254562,25.16936752992555
train,topology_0159,19.407979648973654,7.2308286324737985,0.4105011334166858,47.43120881430764,47.02070768089095
train,topology_0160,21.552669296574358,9.201147806069837,0.5040346147856106,49.5896647002666,49.08563008548099
train,topology_0161,8.494381788053062,5.094848787242667,-0.6455315929620331,34.33541161718834,34.98094321015037
train,topology_0162,14.890156431797843,4.617446393373169,0.36070739289581955,36.02474008181732,35.6640326889215
train,topology_0163,18.723682438942113,14.785847421537085,-0.4658409729073175,57.71131315661945,58.17715412952676
train,topology_0164,12.05542288558377,9.424839634902696,-0.24254876949615656,44.72168328185231,44.96423205134846
train,topology_0165,21.58349108106324,10.872888461018562,0.4591377423834707,56.96997285823383,56.51083511585036
train,topology_0166,3.444492479317134,2.82648589844182,0.027084037248630552,28.439207634851623,28.412123597602992
train,topology_0167,9.891346597545846,7.0339058717345635,-0.16689535562276367,37.569428999224016,37.73632435484678
train,topology_0168,21.955209765975688,9.919243455368163,0.4707113244888862,48.785369227177775,48.314657902688886
train,topology_0169,12.949356892610112,8.546542462055257,-0.09108187619207107,40.16087973376129,40.25196160995336
train,topology_0170,7.881895890259005,6.147717222024656,-0.17404568960904593,32.297933072179276,32.47197876178832
train,topology_0171,11.340826835154566,6.142960273610533,0.11717538211386867,38.09059275864366,37.97341737652979
train,topology_0172,23.367136350617955,11.576668335611283,0.39547522709426775,62.68065245953986,62.28517723244559
train,topology_0173,16.76254816064791,10.909945080319408,-0.7406368126606993,49.801945695812464,50.54258250847316
train,topology_0174,13.428208591165482,9.939020466809703,0.05311920592084004,42.49855591805271,42.44543671213187
train,topology_0175,16.768095351589736,12.92505628172308,-0.4177857093366524,49.79099544034859,50.208781149685244
train,topology_0176,10.882034370122412,5.486986457702743,-0.39007141791590494,19.53279527184434,19.922866689760244
train,topology_0177,14.833186065914564,11.89641646995005,-0.00754077385622938,49.11954521011444,49.127085983970666
train,topology_0178,8.402623927015282,7.077399570327126,-0.3966314786697085,35.973301028071475,36.369932506741186
train,topology_0179,9.465475913568115,5.716550184418198,0.05620857477159835,32.88444252850126,32.828233953729665
train,topology_0180,13.176817893495366,6.227388872567099,0.17436364397827583,35.86424745809385,35.689883814115575
train,topology_0181,15.116777631850775,7.625618450462441,0.09429412261515274,35.14451141954099,35.05021729692584
train,topology_0182,7.790119957250168,4.606410306838738,0.25072944105316464,29.98722412832704,29.736494687273876
train,topology_0183,20.07305413525257,6.94767580368936,0.482140595149288,44.70507534450581,44.22293474935652
train,topology_0184,17.516224810795855,10.56078067213187,-0.04627172131913975,43.238883249837414,43.28515497115655
train,topology_0185,14.643739766914756,6.130582664500531,-0.3715640240083057,39.16466693303106,39.536230957039365
train,topology_0186,12.619737466392834,7.734948934551107,-0.309192327561,43.908694754926515,44.217887082487515
train,topology_0187,22.20260133628673,14.155852039008968,-0.49690826501617824,59.959736377956844,60.456644642973025
train,topology_0188,13.869924896728165,8.930322782229851,0.04944822690375768,45.96031440643404,45.91086617953028
train,topology_0189,17.395826955652495,6.1312717715702325,0.4668418175354184,47.01959052731073,46.552748709775315
train,topology_0190,18.930193069232345,10.406411100171225,0.014644445127571392,51.71714321305831,51.702498767930734
train,topology_0191,9.977162511213603,7.587185985679577,-0.07308871308027062,37.646190959253886,37.71927967233415
train,topology_0192,7.481228943347828,7.71982647341867,0.05366313442593025,36.60728108804069,36.55361795361476
train,topology_0193,5.851239811239216,3.025995830678428,-0.06295086049910426,29.683941012279785,29.74689187277889
train,topology_0194,14.415248765171574,5.8090699549185025,0.3277010276938124,40.68882932023456,40.36112829254075
train,topology_0195,9.35311615593658,4.949947912822098,0.18059973795352882,37.41442812921409,37.23382839126056
train,topology_0196,13.726847048220732,7.980432898656069,-0.2374970618923901,42.66520021043968,42.90269727233207
train,topology_0197,13.8431662693201,7.9579413849730205,-0.08647486060371568,42.470948246420754,42.55742310702447
train,topology_0198,8.721521906269206,7.559708563041795,0.12049324680447863,38.78743993028424,38.666946683479765
train,topology_0199,21.347165633758678,13.403196476813061,0.1744441460323205,56.33727872326211,56.16283457722979
train,topology_0200,10.102253292895185,6.3490499200286035,0.14346888013152395,40.692395819907404,40.54892693977588
train,topology_0201,19.709397019242957,8.019148472389874,0.5072741238615988,37.45581576634175,36.94854164248015
train,topology_0202,10.651562158539384,6.607012256945507,-0.4618276583004446,37.307575120574135,37.76940277887458
train,topology_0203,18.582857509537437,10.208022030121734,0.1202286658446427,47.16122301373785,47.04099434789321
train,topology_0204,19.471305882096264,12.206733725958657,0.007681310954057996,55.879514423196646,55.87183311224259
train,topology_0205,14.352943373696025,7.5149735258563455,0.04353062774456323,39.87592525025392,39.832394622509355
train,topology_0206,11.46088354692775,9.243281475497453,-0.9246166604886208,46.423657471776416,47.34827413226504
train,topology_0207,19.416428944010825,9.453770294588532,0.17388119410532982,46.636337313635266,46.46245611952994
train,topology_0208,19.04371667678098,8.775274665052635,0.45888108158229596,51.068291438887925,50.60941035730563
train,topology_0209,12.824411934522729,7.197263824541706,0.15041313345141646,32.504324365435714,32.3539112319843
train,topology_0210,17.363807739712286,6.735670462935406,0.4709420072691936,43.62292505796768,43.15198305069848
train,topology_0211,16.373218413386898,9.410216070521226,0.08128160235508981,53.12471790498044,53.04343630262535
train,topology_0212,13.574175028616738,5.955304280616448,0.1937430347908568,35.57694778104076,35.3832047462499
train,topology_0213,7.896515344338894,5.865222653763775,0.007645758966308647,31.918759690613534,31.911113931647225
train,topology_0214,9.159725368689237,5.18009618856015,0.03822084998893749,31.444084899633385,31.405864049644446
train,topology_0215,12.707140818714976,6.857785372147962,-0.5730582963811137,36.82094449964024,37.394002796021354
train,topology_0216,14.529564340935995,7.047739749390241,0.17929956646619463,43.466107998090116,43.286808431623925
train,topology_0217,9.871626767746072,7.562517039274658,-0.32760391898433194,33.607619580279284,33.935223499263614
train,topology_0218,13.770952486465124,7.938698857827574,-0.01075539954405294,43.19135905787098,43.202114457415036
train,topology_0219,11.801752810296136,6.458281887271408,0.09077125480948965,33.59940767371542,33.50863641890593
train,topology_0220,15.858143784671508,9.340202769403135,0.12739905985248431,49.0781452931827,48.950746233330214
train,topology_0221,10.244478974082373,5.059031812046913,-0.3230606899045331,30.99554264239528,31.318603332299812
train,topology_0222,12.407196278098816,4.507475716160914,0.3566537303841828,35.59322960232686,35.23657587194268
train,topology_0223,24.103920674594633,15.215844236696997,-0.10184810000313761,62.27372686688647,62.37557496688961
train,topology_0224,21.89956434066923,12.751659436061766,0.08330055857497652,54.69571099322739,54.61241043465241
train,topology_0225,19.96644978871464,8.422295577035412,0.45468013886219505,46.402217123289795,45.9475369844276
train,topology_0226,17.86755242983923,9.886495821804232,0.1540887691190991,43.602363808331006,43.44827503921191
train,topology_0227,4.458338092593286,2.095214496069009,0.01917485884156624,21.456487930978923,21.437313072137357
train,topology_0228,9.029310254091596,6.873722551241364,-0.06410736085829893,33.22081961222603,33.28492697308433
train,topology_0229,11.033080131850918,7.218513344107758,-0.21286951125187867,38.06120801186248,38.274077523114364
train,topology_0230,23.330608038071915,14.882134866758303,0.03193824181085737,58.39544713646278,58.36350889465192
train,topology_0231,21.849919098241827,12.683642675239184,0.16290284231967647,53.75309694522557,53.5901941029059
train,topology_0232,15.87161892829303,8.069698584728348,0.1941696323141469,41.01994281607732,40.82577318376317
train,topology_0233,12.805066022582364,8.440239850744252,0.016929872243160216,48.996024831295024,48.979094959051864
train,topology_0234,19.662120390923544,8.425599142690643,0.4567389338080972,51.3067760855652,50.8500371517571
train,topology_0235,10.790021631103345,7.248325793738602,0.025998171960416646,34.09242985003481,34.066431678074395
train,topology_0236,15.819748779512558,6.152036134782348,0.3945285731977362,40.502234736963295,40.107706163765556
train,topology_0237,9.657940956565666,5.421728641523605,0.25074280260709536,34.36270878029422,34.11196597768713
train,topology_0238,14.13296979779941,8.968178465806439,0.20431049279087043,48.766744817274265,48.5624343244834
train,topology_0239,20.74112040551334,9.839370729477759,0.026965261330173046,48.62052142634094,48.59355616501077
train,topology_0240,9.737845302039121,7.157238496144426,-0.4518270678839752,36.931170589309254,37.38299765719323
train,topology_0241,10.321644237392245,6.426604316576324,-0.24579377185842524,36.795765817016395,37.04155958887482
train,topology_0242,9.957521315733338,8.337212843157356,-0.3445793824527022,44.17610816419828,44.52068754665098
train,topology_0243,9.986742558532162,5.068998471977691,0.1590214704155153,31.275792630959177,31.116771160543664
train,topology_0244,7.81668051658696,5.957113825764001,0.24067997865554142,34.322423528257865,34.08174354960232
train,topology_0245,17.043558699986924,9.785822273266081,0.19211961294772145,52.1351695581852,51.943049945237476
train,topology_0246,4.988238907666994,2.7462527207505607,-0.417091156034238,24.652185453045316,25.069276609079555
train,topology_0247,12.398988151488606,9.963805484903832,-0.16417795292379336,45.75110000122937,45.91527795415316
train,topology_0248,19.185533206839423,13.141480230604557,-0.35409934278279753,59.4207187769267,59.774818119709494
train,topology_0249,19.349427995110034,9.453933239574395,0.30264075246894817,53.31375343466932,53.01111268220038
train,topology_0250,17.420761312466276,7.520466112019014,0.38994288984054293,50.785992246829515,50.396049356988975
train,topology_0251,14.429039551734524,5.732288421457227,0.29702211397769684,42.83092463671231,42.533902522734614
train,topology_0252,11.40656223067691,9.283673427659773,0.1911865384509051,46.48099724959182,46.289810711140916
train,topology_0253,7.108946781267875,5.569482328098479,0.19024079802908392,33.57104091239583,33.38080011436674
train,topology_0254,18.69816631845449,7.303782716271844,0.5089897182419496,44.7165527281323,44.20756300989035
train,topology_0255,14.582651631478836,8.640215006296163,-0.10021920966486869,42.79711009360084,42.897329303265714
train,topology_0256,14.965865413628851,6.699685840433794,0.46516036361343216,42.32848287381913,41.86332251020569
